epoch,steps,cosine-Accuracy@1,cosine-Accuracy@3,cosine-Accuracy@5,cosine-Accuracy@10,cosine-Precision@1,cosine-Recall@1,cosine-Precision@3,cosine-Recall@3,cosine-Precision@5,cosine-Recall@5,cosine-Precision@10,cosine-Recall@10,cosine-MRR@10,cosine-NDCG@10,cosine-MAP@100
10.0,20,0.3333333333333333,0.5,1.0,1.0,0.3333333333333333,0.3333333333333333,0.16666666666666666,0.5,0.19999999999999998,1.0,0.09999999999999999,1.0,0.5055555555555556,0.6247009872302213,0.5055555555555556
